{
    "keep": {
        "days": true,
        "amount": 5
    },
    "auditLog": "F:\\gitlab\\tv-projects\\JHCTWIN\\twinverse-edge-api\\tv-api\\dist\\logs\\.3eeff0780ca3a1f2f849b8bad89f46f4a2a97f07-audit.json",
    "files": [
        {
            "date": 1705895473699,
            "name": "F:\\gitlab\\tv-projects\\JHCTWIN\\twinverse-edge-api\\tv-api\\dist\\logs\\2024-01-22.log",
            "hash": "0ae763670ec0e613027ce5c90e9684d2e68b6f8ffe17c34b54c02ddd11c3f50b"
        }
    ],
    "hashType": "sha256"
}