{
  "host": "localhost",
  "port": 3030,
  "public": "../public/",
  "paginate": {
    "default": 10,
    "max": 50
  },
  "authentication": {
    "entity": "user",
    "service": "users",
    "secret": "+jXApeH0RfVo2Yh3sKPftpTBDgs=",
    "authStrategies": [
      "jwt",
      "local",
      "dt_ak_sk",
      "edge"
    ],
    "jwtOptions": {
      "header": {
        "typ": "access"
      },
      "audience": "https://yourdomain.com",
      "issuer": "twinverse",
      "algorithm": "HS256",
      "expiresIn": "1d"
    },
    "local": {
      "usernameField": "email",
      "passwordField": "password"
    },
    "oauth": {
      "redirect": "/",
      "auth0": {
        "key": "<auth0 oauth key>",
        "secret": "<auth0 oauth secret>",
        "subdomain": "<auth0 subdomain>",
        "scope": [
          "profile",
          "openid",
          "email"
        ]
      }
    }
  },
  "sqlite": {
    "client": "sqlite3",
    "useNullAsDefault": true,
    "connection": {
      "filename": "config/dtdx-proxy-template.db"
    }
  }
}